INSERT INTO accounts (role, email, password_hash, is_active) VALUES
('admin',   'admin@tutorly.pk',           'hashed_admin_001', TRUE),
('tutor',   'ali.hassan@tutorly.pk',      'hashed_t001',      TRUE),
('tutor',   'sara.malik@tutorly.pk',      'hashed_t002',      TRUE),
('tutor',   'usman.raza@tutorly.pk',      'hashed_t003',      TRUE),
('tutor',   'hina.baig@tutorly.pk',       'hashed_t004',      TRUE),
('tutor',   'zubair.akhtar@tutorly.pk',   'hashed_t005',      TRUE),
('tutor',   'nadia.qureshi@tutorly.pk',   'hashed_t006',      TRUE),
('tutor',   'farhan.sid@tutorly.pk',      'hashed_t007',      TRUE),
('tutor',   'amna.tariq@tutorly.pk',      'hashed_t008',      TRUE),
('academy', 'info@brightfuture.pk',       'hashed_a001',      TRUE),
('academy', 'contact@eliteprep.pk',       'hashed_a002',      TRUE),
('academy', 'hello@knowledgehub.pk',      'hashed_a003',      TRUE),
('academy', 'admin@starlearners.pk',      'hashed_a004',      TRUE),
('student', 'ayesha.khan@gmail.com',      'hashed_s001',      TRUE),
('student', 'bilal.ahmed@gmail.com',      'hashed_s002',      TRUE),
('student', 'chand.bibi@gmail.com',       'hashed_s003',      TRUE),
('student', 'danish.ali@gmail.com',       'hashed_s004',      TRUE),
('student', 'emaan.fatima@gmail.com',     'hashed_s005',      TRUE),
('student', 'fawad.ch@gmail.com',         'hashed_s006',      TRUE),
('student', 'gulnaz.begum@gmail.com',     'hashed_s007',      TRUE),
('student', 'hamza.iqbal@gmail.com',      'hashed_s008',      TRUE),
('student', 'iqra.naz@gmail.com',         'hashed_s009',      TRUE),
('student', 'junaid.sultan@gmail.com',    'hashed_s010',      TRUE),
('student', 'kiran.shehzad@gmail.com',    'hashed_s011',      TRUE),
('student', 'laiba.waheed@gmail.com',     'hashed_s012',      TRUE),
('student', 'maham.rao@gmail.com',        'hashed_s013',      TRUE),
('student', 'noman.butt@gmail.com',       'hashed_s014',      TRUE),
('student', 'omer.sheikh@gmail.com',      'hashed_s015',      TRUE),
('student', 'palwasha.gul@gmail.com',     'hashed_s016',      TRUE),
('student', 'qasim.naeem@gmail.com',      'hashed_s017',      TRUE);

INSERT INTO admins (account_id, name) VALUES (1, 'Super Admin');

INSERT INTO tutors (account_id, verified_by_admin_id, name, bio, education_level, city, country, is_verified, education_history, work_history, teaching_mode) VALUES
(2,  1, 'Ali Hassan',      'Expert in Mathematics and Physics.',          'MSc Mathematics',     'Lahore',     'Pakistan', TRUE,  'BSc (PU), MSc Mathematics (LUMS)',      '5 years City School, 1 year freelance',   'hybrid'),
(3,  1, 'Sara Malik',      'English literature and writing coach.',       'MA English',          'Karachi',    'Pakistan', TRUE,  'BA English (KU), MA English (KU)',      '4 years private tutoring',               'online'),
(4,  1, 'Usman Raza',      'CS graduate, programming specialist.',        'BS Computer Science', 'Islamabad',  'Pakistan', TRUE,  'BS CS (FAST-NU)',                       '3 years dev, 2 years tutoring',          'online'),
(5,  1, 'Hina Baig',       'Chemistry tutor, A Level expert.',           'MSc Chemistry',       'Lahore',     'Pakistan', TRUE,  'BSc (GCU), MSc Chemistry (GCU)',        '6 years academy tutoring',               'physical'),
(6,  1, 'Zubair Akhtar',   'Economics and Business Studies tutor.',      'MBA',                 'Karachi',    'Pakistan', TRUE,  'BBA (IBA), MBA (IBA)',                  '7 years A Level, corporate training',    'hybrid'),
(7,  1, 'Nadia Qureshi',   'Biology tutor with lab skills.',             'MSc Biology',         'Multan',     'Pakistan', TRUE,  'BSc (BZU), MSc Biology (BZU)',          '5 years O and A Level Biology',          'physical'),
(8,  NULL,'Farhan Siddiqui','Physics tutor, pending verification.',      'MSc Physics',         'Lahore',     'Pakistan', FALSE, 'BSc (UET), MSc Physics (UET)',          '2 years tutoring',                       'online'),
(9,  1, 'Amna Tariq',      'Primary and O Level Mathematics tutor.',     'BEd Mathematics',     'Faisalabad', 'Pakistan', TRUE,  'BEd Mathematics (UAF)',                 '4 years primary school',                 'hybrid');

INSERT INTO academies (account_id, verified_by_admin_id, academy_name, description, city, country, is_verified, about, founded_year, owner_name) VALUES
(10, 1,    'Bright Future Academy', 'Leading O/A Level prep in Lahore.',      'Lahore',    'Pakistan', TRUE,  'Preparing students for O and A Levels since 2010.',  2010, 'Dr. Rashid Mehmood'),
(11, 1,    'Elite Prep Institute',  'Top-ranked exam prep in Karachi.',        'Karachi',   'Pakistan', TRUE,  'MCAT, ECAT, and Cambridge qualification coaching.',  2015, 'Mrs. Farah Noor'),
(12, 1,    'Knowledge Hub',         'Online-first academy with national reach.','Islamabad', 'Pakistan', TRUE,  'Live and recorded classes across Pakistan.',          2018, 'Mr. Tariq Bashir'),
(13, NULL, 'Star Learners Center',  'New academy pending verification.',       'Peshawar',  'Pakistan', FALSE, 'Primary and middle school tutoring.',                 2023, 'Ms. Sana Gul');

INSERT INTO subjects (subject_name, level) VALUES
('Mathematics',      'O Level'),
('Mathematics',      'A Level'),
('Mathematics',      'Primary'),
('Physics',          'O Level'),
('Physics',          'A Level'),
('Chemistry',        'O Level'),
('Chemistry',        'A Level'),
('Biology',          'O Level'),
('Biology',          'A Level'),
('English',          'O Level'),
('English',          'A Level'),
('English',          'Primary'),
('Computer Science', 'O Level'),
('Computer Science', 'A Level'),
('Computer Science', 'University'),
('Economics',        'A Level'),
('Business Studies', 'A Level'),
('Urdu',             'O Level'),
('Urdu',             'Primary'),
('Statistics',       'University');

INSERT INTO tutor_subjects (tutor_id, subject_id) VALUES
(1, 1),(1, 2),(1, 4),(1, 5),
(2, 10),(2, 11),
(3, 13),(3, 14),(3, 15),
(4, 6),(4, 7),
(5, 16),(5, 17),
(6, 8),(6, 9),
(7, 5),
(8, 1),(8, 3);

INSERT INTO academy_teachers (academy_id, teacher_name, qualification, subject_id) VALUES
(1, 'Mr. Kamran Zafar',  'MSc Mathematics',    2),
(1, 'Ms. Rohina Shah',   'MSc Chemistry',      7),
(1, 'Mr. Bilal Noor',    'MSc Physics',        5),
(2, 'Dr. Fariha Rashid', 'PhD Biology',        9),
(2, 'Mr. Asad Rauf',     'MBA',                16),
(3, 'Ms. Zara Imran',    'MA English',         11),
(3, 'Mr. Hassan Mirza',  'BS Computer Science',15),
(4, 'Ms. Rukhsar Bibi',  'BEd',                12);

INSERT INTO academy_courses (academy_id, teacher_id, subject_id, subject_name, course_title, course_description, price_per_student, capacity, enrolled_count) VALUES
(1, 1, 2,  'Mathematics',      'A Level Mathematics Intensive',    'Complete A Level Math with past papers.',   15000, 20, 14),
(1, 2, 7,  'Chemistry',        'A Level Chemistry Crash Course',   'Full A Level Chemistry with practicals.',   14000, 15, 10),
(1, 3, 5,  'Physics',          'O Level Physics Foundation',       'O Level Physics basics to exam technique.', 12000, 25, 18),
(2, 4, 9,  'Biology',          'A Level Biology Masterclass',      'In-depth A Level Biology all units.',       16000, 20, 16),
(2, 5, 16, 'Economics',        'A Level Economics Complete Course','Micro and macro economics with essays.',     15500, 18, 12),
(3, 6, 11, 'English',          'A Level English Literature Online','Live sessions on set texts.',                11000, 30, 22),
(3, 7, 15, 'Computer Science', 'University CS Fundamentals',       'Data structures, algorithms, OOP.',         13000, 25, 19),
(4, 8, 12, 'English',          'Primary English Reading & Writing','Activity-based English for primary.',         8000, 15,  5);

INSERT INTO course_schedule (course_id, weekday, start_time, end_time) VALUES
(1, 1, '16:00', '18:00'),
(1, 3, '16:00', '18:00'),
(2, 2, '15:00', '17:00'),
(2, 4, '15:00', '17:00'),
(3, 6, '10:00', '12:00'),
(4, 1, '17:00', '19:00'),
(4, 3, '17:00', '19:00'),
(5, 2, '16:00', '18:00'),
(6, 0, '11:00', '13:00'),
(7, 5, '14:00', '16:00'),
(8, 6, '09:00', '10:30');

INSERT INTO students (account_id, name, city, country, phone) VALUES
(14, 'Ayesha Khan',    'Lahore',     'Pakistan', '03001234567'),
(15, 'Bilal Ahmed',    'Karachi',    'Pakistan', '03111234568'),
(16, 'Chand Bibi',     'Islamabad',  'Pakistan', '03211234569'),
(17, 'Danish Ali',     'Lahore',     'Pakistan', '03311234570'),
(18, 'Emaan Fatima',   'Multan',     'Pakistan', '03411234571'),
(19, 'Fawad Chaudhry', 'Karachi',    'Pakistan', '03001234572'),
(20, 'Gulnaz Begum',   'Peshawar',   'Pakistan', '03111234573'),
(21, 'Hamza Iqbal',    'Lahore',     'Pakistan', '03211234574'),
(22, 'Iqra Naz',       'Faisalabad', 'Pakistan', '03311234575'),
(23, 'Junaid Sultan',  'Karachi',    'Pakistan', '03411234576'),
(24, 'Kiran Shehzad',  'Lahore',     'Pakistan', '03001234577'),
(25, 'Laiba Waheed',   'Islamabad',  'Pakistan', '03111234578'),
(26, 'Maham Rao',      'Lahore',     'Pakistan', '03211234579'),
(27, 'Noman Butt',     'Karachi',    'Pakistan', '03311234580'),
(28, 'Omer Sheikh',    'Lahore',     'Pakistan', '03411234581'),
(29, 'Palwasha Gul',   'Peshawar',   'Pakistan', '03001234582'),
(30, 'Qasim Naeem',    'Multan',     'Pakistan', '03111234583');

INSERT INTO tutor_calendars (tutor_id, calendar_name) VALUES
(1, 'Ali - Weekday Afternoon'),
(1, 'Ali - Weekend Morning'),
(2, 'Sara - Online Slots'),
(3, 'Usman - Evening Coding'),
(4, 'Hina - Morning Chemistry'),
(5, 'Zubair - Economics Slots'),
(6, 'Nadia - Biology Sessions'),
(8, 'Amna - Primary Slots');

INSERT INTO available_slots (calendar_id, weekday, start_time, end_time, is_active) VALUES
(1, 1, '16:00', '17:00', TRUE),
(1, 1, '17:00', '18:00', TRUE),
(1, 3, '16:00', '17:00', TRUE),
(1, 3, '17:00', '18:00', TRUE),
(2, 6, '09:00', '10:00', TRUE),
(2, 6, '10:00', '11:00', TRUE),
(3, 2, '18:00', '19:00', TRUE),
(3, 4, '18:00', '19:00', TRUE),
(4, 0, '19:00', '20:00', TRUE),
(4, 2, '19:00', '20:00', TRUE),
(5, 1, '10:00', '11:00', TRUE),
(5, 3, '10:00', '11:00', TRUE),
(6, 2, '15:00', '16:00', TRUE),
(7, 4, '17:00', '18:00', TRUE),
(7, 6, '11:00', '12:00', TRUE),
(8, 6, '09:00', '10:00', TRUE),
(8, 0, '09:00', '10:00', TRUE);

INSERT INTO bookings (student_id, tutor_id, academy_id, course_id, booking_type, session_datetime, amount_total, booking_status, escrow_status, created_at) VALUES
(1,  1, NULL, NULL, 'tutor',   '2025-11-10 16:00:00', 2000,  'completed', 'released', '2025-11-01 10:00:00'),
(2,  2, NULL, NULL, 'tutor',   '2025-11-11 18:00:00', 1800,  'completed', 'released', '2025-11-02 11:00:00'),
(3,  3, NULL, NULL, 'tutor',   '2025-11-12 19:00:00', 2500,  'completed', 'released', '2025-11-03 09:00:00'),
(4,  4, NULL, NULL, 'tutor',   '2025-11-13 10:00:00', 2000,  'completed', 'released', '2025-11-04 08:00:00'),
(5,  5, NULL, NULL, 'tutor',   '2025-11-14 15:00:00', 2200,  'completed', 'released', '2025-11-05 12:00:00'),
(6,  6, NULL, NULL, 'tutor',   '2025-11-15 17:00:00', 1900,  'completed', 'released', '2025-11-06 14:00:00'),
(7,  1, NULL, NULL, 'tutor',   '2025-12-01 16:00:00', 2000,  'completed', 'released', '2025-11-20 10:00:00'),
(8,  2, NULL, NULL, 'tutor',   '2025-12-02 18:00:00', 1800,  'confirmed', 'held',     '2025-11-21 11:00:00'),
(9,  3, NULL, NULL, 'tutor',   '2025-12-03 19:00:00', 2500,  'confirmed', 'held',     '2025-11-22 09:00:00'),
(10, 4, NULL, NULL, 'tutor',   '2026-01-05 10:00:00', 2000,  'pending',   'held',     '2025-12-30 08:00:00'),
(11, 5, NULL, NULL, 'tutor',   '2026-01-06 15:00:00', 2200,  'pending',   'held',     '2025-12-31 12:00:00'),
(12, 8, NULL, NULL, 'tutor',   '2026-01-10 09:00:00', 1500,  'cancelled', 'refunded', '2026-01-01 10:00:00'),
(1,  NULL, 1, 1,    'academy', '2025-11-04 16:00:00', 15000, 'completed', 'released', '2025-10-20 09:00:00'),
(2,  NULL, 2, 4,    'academy', '2025-11-04 17:00:00', 16000, 'completed', 'released', '2025-10-21 10:00:00'),
(3,  NULL, 3, 6,    'academy', '2025-11-10 11:00:00', 11000, 'completed', 'released', '2025-10-25 11:00:00'),
(4,  NULL, 1, 2,    'academy', '2025-12-01 15:00:00', 14000, 'confirmed', 'held',     '2025-11-15 09:00:00'),
(5,  NULL, 2, 5,    'academy', '2025-12-02 16:00:00', 15500, 'confirmed', 'held',     '2025-11-16 10:00:00'),
(6,  NULL, 3, 7,    'academy', '2025-12-05 14:00:00', 13000, 'pending',   'held',     '2025-11-20 08:00:00'),
(13, NULL, 1, 3,    'academy', '2025-11-06 10:00:00', 12000, 'completed', 'released', '2025-10-22 07:00:00'),
(14, NULL, 4, 8,    'academy', '2026-01-15 09:00:00', 8000,  'pending',   'held',     '2026-01-05 11:00:00');

INSERT INTO booked_slots (calendar_id, booking_id, start_time, end_time, status) VALUES
(1, 1,  '16:00', '17:00', 'completed'),
(3, 2,  '18:00', '19:00', 'completed'),
(4, 3,  '19:00', '20:00', 'completed'),
(5, 4,  '10:00', '11:00', 'completed'),
(6, 5,  '15:00', '16:00', 'completed'),
(7, 6,  '17:00', '18:00', 'completed'),
(1, 7,  '17:00', '18:00', 'completed'),
(3, 8,  '18:00', '19:00', 'confirmed'),
(4, 9,  '19:00', '20:00', 'confirmed'),
(5, 10, '10:00', '11:00', 'confirmed'),
(6, 11, '15:00', '16:00', 'confirmed'),
(8, 12, '09:00', '10:00', 'cancelled');

INSERT INTO payments (booking_id, amount_total, tutor_or_academy_amount, commission_amount, platform_fee, currency, payment_method, payment_status, escrow_status, transaction_reference, paid_at) VALUES
(1,  2000,  1800,  200,  50,  'PKR', 'easypaisa',    'completed', 'released', 'TXN-001-2025', '2025-11-10 16:30:00'),
(2,  1800,  1620,  180,  50,  'PKR', 'jazzcash',     'completed', 'released', 'TXN-002-2025', '2025-11-11 18:30:00'),
(3,  2500,  2250,  250,  50,  'PKR', 'bank_transfer','completed', 'released', 'TXN-003-2025', '2025-11-12 19:30:00'),
(4,  2000,  1800,  200,  50,  'PKR', 'easypaisa',    'completed', 'released', 'TXN-004-2025', '2025-11-13 10:30:00'),
(5,  2200,  1980,  220,  50,  'PKR', 'card',         'completed', 'released', 'TXN-005-2025', '2025-11-14 15:30:00'),
(6,  1900,  1710,  190,  50,  'PKR', 'jazzcash',     'completed', 'released', 'TXN-006-2025', '2025-11-15 17:30:00'),
(7,  2000,  1800,  200,  50,  'PKR', 'easypaisa',    'completed', 'released', 'TXN-007-2025', '2025-12-01 16:30:00'),
(8,  1800,  1620,  180,  50,  'PKR', 'jazzcash',     'completed', 'held',     'TXN-008-2025', '2025-12-02 18:30:00'),
(9,  2500,  2250,  250,  50,  'PKR', 'bank_transfer','completed', 'held',     'TXN-009-2025', '2025-12-03 19:30:00'),
(10, 2000,  1800,  200,  50,  'PKR', 'easypaisa',    'pending',   'held',     NULL,            NULL),
(11, 2200,  1980,  220,  50,  'PKR', 'card',         'pending',   'held',     NULL,            NULL),
(12, 1500,  1350,  150,  50,  'PKR', 'jazzcash',     'refunded',  'refunded', 'TXN-012-2025', '2026-01-10 09:30:00'),
(13, 15000, 13500, 1500, 200, 'PKR', 'bank_transfer','completed', 'released', 'TXN-013-2025', '2025-11-04 16:30:00'),
(14, 16000, 14400, 1600, 200, 'PKR', 'bank_transfer','completed', 'released', 'TXN-014-2025', '2025-11-04 17:30:00'),
(15, 11000, 9900,  1100, 200, 'PKR', 'card',         'completed', 'released', 'TXN-015-2025', '2025-11-10 11:30:00'),
(16, 14000, 12600, 1400, 200, 'PKR', 'easypaisa',    'completed', 'held',     'TXN-016-2025', '2025-12-01 15:30:00'),
(17, 15500, 13950, 1550, 200, 'PKR', 'jazzcash',     'completed', 'held',     'TXN-017-2025', '2025-12-02 16:30:00'),
(18, 13000, 11700, 1300, 200, 'PKR', 'card',         'pending',   'held',     NULL,            NULL),
(19, 12000, 10800, 1200, 200, 'PKR', 'bank_transfer','completed', 'released', 'TXN-019-2025', '2025-11-06 10:30:00'),
(20, 8000,  7200,  800,  100, 'PKR', 'easypaisa',    'pending',   'held',     NULL,            NULL);

INSERT INTO reviews (booking_id, rating, comment, status) VALUES
(1,  5, 'Ali sir explained every concept clearly. Highly recommend!',         'approved'),
(2,  4, 'Sara maam is patient and her teaching style is excellent.',          'approved'),
(3,  5, 'Usman sir made programming easy. Best tutor for coding.',            'approved'),
(4,  4, 'Hina maam knows Chemistry very well. Past papers helped greatly.',   'approved'),
(5,  5, 'Zubair sir gave brilliant notes and exam tips for Economics.',       'approved'),
(6,  3, 'Good sessions but timing was sometimes delayed.',                    'approved'),
(7,  5, 'Second session was even better. Ali sir is the best.',               'approved'),
(13, 4, 'Bright Future Academy course was well structured and on time.',      'approved'),
(14, 5, 'Elite Prep Biology course was fantastic. Dr. Fariha is amazing.',   'approved'),
(15, 4, 'Knowledge Hub English sessions were engaging and very helpful.',    'approved'),
(19, 5, 'Excellent O Level Physics course. Clear explanations throughout.',  'approved');

INSERT INTO subscriptions (tutor_id, academy_id, plan_type, start_date, end_date, is_active) VALUES
(1, NULL, '3m', '2025-10-01', '2025-12-31', FALSE),
(1, NULL, '1y', '2026-01-01', '2026-12-31', TRUE),
(2, NULL, '1m', '2025-11-01', '2025-11-30', FALSE),
(2, NULL, '3m', '2025-12-01', '2026-02-28', TRUE),
(3, NULL, '1y', '2025-06-01', '2026-05-31', TRUE),
(4, NULL, '3m', '2025-09-01', '2025-11-30', FALSE),
(5, NULL, '1y', '2025-07-01', '2026-06-30', TRUE),
(6, NULL, '1m', '2025-12-01', '2025-12-31', TRUE),
(NULL, 1, '1y', '2025-01-01', '2025-12-31', FALSE),
(NULL, 1, '1y', '2026-01-01', '2026-12-31', TRUE),
(NULL, 2, '1y', '2025-06-01', '2026-05-31', TRUE),
(NULL, 3, '3m', '2025-10-01', '2025-12-31', FALSE),
(NULL, 3, '3m', '2026-01-01', '2026-03-31', TRUE);

UPDATE wallets SET balance = 3600.00  WHERE tutor_id = 1;
UPDATE wallets SET balance = 1620.00  WHERE tutor_id = 2;
UPDATE wallets SET balance = 2250.00  WHERE tutor_id = 3;
UPDATE wallets SET balance = 1800.00  WHERE tutor_id = 4;
UPDATE wallets SET balance = 1980.00  WHERE tutor_id = 5;
UPDATE wallets SET balance = 1710.00  WHERE tutor_id = 6;
UPDATE wallets SET balance = 35100.00 WHERE academy_id = 1;
UPDATE wallets SET balance = 29350.00 WHERE academy_id = 2;
UPDATE wallets SET balance = 21500.00 WHERE academy_id = 3;

INSERT INTO withdrawal_requests (wallet_id, admin_id, amount, status, requested_at, processed_at) VALUES
((SELECT wallet_id FROM wallets WHERE tutor_id = 1), 1, 1500.00, 'approved',  '2025-12-05 10:00:00', '2025-12-06 14:00:00'),
((SELECT wallet_id FROM wallets WHERE tutor_id = 1), 1,  800.00, 'pending',   '2026-01-10 11:00:00', NULL),
((SELECT wallet_id FROM wallets WHERE tutor_id = 2), NULL, 1000.00, 'pending','2026-01-08 09:00:00', NULL),
((SELECT wallet_id FROM wallets WHERE tutor_id = 3), 1, 2000.00, 'approved',  '2025-12-10 10:00:00', '2025-12-11 15:00:00'),
((SELECT wallet_id FROM wallets WHERE tutor_id = 5), 1, 1500.00, 'approved',  '2025-12-15 12:00:00', '2025-12-16 10:00:00'),
((SELECT wallet_id FROM wallets WHERE academy_id = 1), 1, 20000.00,'approved','2025-12-20 09:00:00', '2025-12-21 11:00:00');

INSERT INTO help_requests (creator_account_id, admin_id, title, description, status) VALUES
(14, 1,    'Cannot access my booking',       'I booked a tutor session but it does not appear in my dashboard.', 'resolved'),
(15, 1,    'Payment not reflecting',         'I paid via JazzCash but my booking still shows pending.',          'resolved'),
(2,  1,    'Want to update my profile bio',  'Can admin help me update my tutor bio section?',                  'closed'),
(16, NULL, 'Session was cancelled by tutor', 'My tutor cancelled 10 minutes before without any notice.',        'open'),
(10, 1,    'Refund request for course',      'I would like a refund for the Physics course I enrolled in.',     'in_progress'),
(17, NULL, 'App slow during live class',     'The platform was very slow during my online session.',             'open'),
(3,  NULL, 'Withdraw request stuck',         'My withdrawal request has been pending for 5 days.',              'open'),
(18, 1,    'Wrong tutor assigned',           'I was connected to a tutor who does not teach my subject.',       'resolved');

INSERT INTO messages (sender_account_id, receiver_account_id, content, sent_at) VALUES
(14, 2,  'Assalam o Alaikum sir, confirming my session for tomorrow.',           '2025-11-09 18:00:00'),
(2,  14, 'Walaikum Assalam, session is confirmed. Please be on time.',           '2025-11-09 18:15:00'),
(15, 3,  'Maam, can we change the session timing to 7pm instead of 6pm?',       '2025-11-10 17:00:00'),
(3,  15, 'Sure, I have updated the slot. See you at 7pm.',                      '2025-11-10 17:20:00'),
(16, 4,  'Sir, I have a question about the last Chemistry topic.',               '2025-11-11 19:00:00'),
(4,  16, 'Please share your specific question and I will help.',                '2025-11-11 19:30:00'),
(17, 1,  'Sir, will you cover integration in the next session?',                '2025-11-12 20:00:00'),
(1,  17, 'Yes, we will cover integration and also do past paper questions.',    '2025-11-12 20:10:00'),
(14, 10, 'I want to enquire about the A Level Math course timings.',            '2025-11-13 09:00:00'),
(10, 14, 'Our A Level Math batch runs Monday and Wednesday 4pm to 6pm.',        '2025-11-13 09:30:00'),
(18, 6,  'Maam, what textbook do you follow for Biology?',                      '2025-11-14 15:00:00'),
(6,  18, 'We follow Cambridge endorsed textbooks for O and A Level Biology.',   '2025-11-14 15:20:00'),
(19, 5,  'Sir, are notes provided for Economics sessions?',                     '2025-11-15 16:00:00'),
(5,  19, 'Yes, full notes and essay plans are shared after every session.',     '2025-11-15 16:15:00'),
(20, 11, 'I want to register for the Biology masterclass.',                     '2025-11-16 10:00:00'),
(11, 20, 'Please visit our website to complete registration and payment.',      '2025-11-16 10:30:00');

INSERT INTO student_progress (student_id, subject_id, current_level, average_score, trend, last_quiz_date, notes) VALUES
(1,  2,  'A Level',    78.50, 'improving', '2026-01-15', 'Strong in calculus, needs work on mechanics.'),
(2,  11, 'A Level',    82.00, 'stable',    '2026-01-14', 'Good comprehension, essay structure improving.'),
(3,  15, 'University', 74.00, 'improving', '2026-01-13', 'Programming logic improving steadily.'),
(4,  7,  'A Level',    70.00, 'stable',    '2026-01-12', 'Organic chemistry needs more practice.'),
(5,  16, 'A Level',    85.50, 'improving', '2026-01-11', 'Excellent grasp of macroeconomics.'),
(6,  9,  'A Level',    68.00, 'declining', '2026-01-10', 'Genetics chapter needs revisiting.'),
(7,  2,  'A Level',    88.00, 'improving', '2026-01-09', 'Top performer, ready for exam.'),
(8,  11, 'O Level',    65.00, 'stable',    '2026-01-08', 'Reading comprehension is steady.'),
(9,  13, 'O Level',    71.50, 'improving', '2026-01-07', 'Programming fundamentals are solid.'),
(10, 5,  'A Level',    77.00, 'stable',    '2026-01-06', 'Mechanics strong, electricity needs focus.');

INSERT INTO progress_quizzes (progress_id, quiz_month, quiz_year, quiz_number_in_month, total_questions, correct_answers, score_percent, difficulty_level, time_taken_seconds) VALUES
(1, 12, 2025, 1, 20, 14, 70.00, 'medium', 1200),
(1, 12, 2025, 2, 20, 16, 80.00, 'medium', 1100),
(1, 1,  2026, 1, 25, 19, 76.00, 'hard',   1300),
(1, 1,  2026, 2, 25, 20, 80.00, 'hard',   1250),
(2, 12, 2025, 1, 20, 16, 80.00, 'medium', 900),
(2, 12, 2025, 2, 20, 16, 80.00, 'medium', 920),
(2, 1,  2026, 1, 20, 17, 85.00, 'medium', 880),
(2, 1,  2026, 2, 20, 16, 80.00, 'medium', 910),
(3, 12, 2025, 1, 20, 14, 70.00, 'hard',   1500),
(3, 12, 2025, 2, 20, 15, 75.00, 'hard',   1450),
(3, 1,  2026, 1, 20, 15, 75.00, 'hard',   1400),
(3, 1,  2026, 2, 20, 16, 80.00, 'hard',   1380),
(4, 12, 2025, 1, 20, 13, 65.00, 'medium', 1100),
(4, 12, 2025, 2, 20, 14, 70.00, 'medium', 1050),
(4, 1,  2026, 1, 20, 14, 70.00, 'medium', 1080),
(4, 1,  2026, 2, 20, 14, 70.00, 'medium', 1070),
(5, 12, 2025, 1, 20, 17, 85.00, 'medium', 950),
(5, 12, 2025, 2, 20, 17, 85.00, 'medium', 940),
(5, 1,  2026, 1, 25, 22, 88.00, 'hard',   1050),
(5, 1,  2026, 2, 25, 21, 84.00, 'hard',   1020),
(6, 12, 2025, 1, 20, 14, 70.00, 'medium', 1000),
(6, 12, 2025, 2, 20, 13, 65.00, 'medium', 1010),
(6, 1,  2026, 1, 20, 13, 65.00, 'medium', 1020),
(6, 1,  2026, 2, 20, 14, 70.00, 'medium', 1000),
(7, 12, 2025, 1, 25, 22, 88.00, 'hard',   1150),
(7, 12, 2025, 2, 25, 22, 88.00, 'hard',   1100),
(7, 1,  2026, 1, 25, 22, 88.00, 'hard',   1080),
(7, 1,  2026, 2, 25, 22, 88.00, 'hard',   1090);

INSERT INTO accounts (role, email, password_hash, is_active) VALUES
('tutor',   'amna.rasheed@tutorly.pk',      'hashed_t121', TRUE),
('tutor',   'zubair.hussain@tutorly.pk',    'hashed_t122', TRUE),
('tutor',   'maryam.saleem@tutorly.pk',     'hashed_t123', TRUE),
('tutor',   'faraz.khalid@tutorly.pk',      'hashed_t124', TRUE),
('tutor',   'saira.ilyas@tutorly.pk',       'hashed_t125', TRUE),
('tutor',   'adil.mehmood@tutorly.pk',      'hashed_t126', TRUE),
('tutor',   'hiba.asim@tutorly.pk',         'hashed_t127', TRUE),
('tutor',   'kamran.riaz@tutorly.pk',       'hashed_t128', TRUE),
('tutor',   'mahnoor.farooq@tutorly.pk',    'hashed_t129', TRUE),
('tutor',   'rashid.jamal@tutorly.pk',      'hashed_t130', TRUE),
('tutor',   'fatima.bashir@tutorly.pk',     'hashed_t131', TRUE),
('tutor',   'omer.naveed@tutorly.pk',       'hashed_t132', TRUE),
('tutor',   'sadia.naz@tutorly.pk',         'hashed_t133', TRUE),
('tutor',   'talat.yousaf@tutorly.pk',      'hashed_t134', TRUE),
('tutor',   'maaz.kiani@tutorly.pk',        'hashed_t135', TRUE),
('tutor',   'laiba.sohail@tutorly.pk',      'hashed_t136', TRUE),
('tutor',   'hassan.zafar@tutorly.pk',      'hashed_t137', TRUE),
('tutor',   'iqra.hameed@tutorly.pk',       'hashed_t138', TRUE),
('tutor',   'saif.rehman@tutorly.pk',       'hashed_t139', TRUE),
('tutor',   'ayesha.irfan@tutorly.pk',      'hashed_t140', TRUE),

('academy', 'contact@successsteps.pk',      'hashed_a141', TRUE),
('academy', 'info@cityscholars.pk',         'hashed_a142', TRUE),
('academy', 'hello@campuspoint.pk',         'hashed_a143', TRUE),
('academy', 'admissions@futuregate.pk',     'hashed_a144', TRUE),
('academy', 'support@learnplus.pk',         'hashed_a145', TRUE),
('academy', 'office@brightvision.pk',       'hashed_a146', TRUE),
('academy', 'admin@premieracademy.pk',      'hashed_a147', TRUE),
('academy', 'info@alphatutorials.pk',       'hashed_a148', TRUE),
('academy', 'contact@globalscholars.pk',    'hashed_a149', TRUE),
('academy', 'hello@smartlearners.pk',       'hashed_a150', TRUE);


INSERT INTO tutors (
    account_id,
    verified_by_admin_id,
    name,
    bio,
    education_level,
    city,
    country,
    is_verified,
    education_history,
    work_history,
    teaching_mode
) VALUES
(121, 1, 'Amna Rasheed',
 'Specialist in O/A Level Mathematics with focus on exam technique.',
 'MSc Mathematics',
 'Lahore', 'Pakistan', TRUE,
 'BSc Math (PU), MSc Mathematics (PU).',
 '5 years academy + home tutoring.',
 'online'),
(122, 1, 'Zubair Hussain',
 'Physics tutor for Matric, FSc and O Level students.',
 'MSc Physics',
 'Karachi', 'Pakistan', TRUE,
 'BSc Physics (KU), MSc Physics (KU).',
 '4 years at local academies.',
 'hybrid'),
(123, 1, 'Maryam Saleem',
 'English language and literature instructor, IELTS coach.',
 'MA English',
 'Islamabad', 'Pakistan', TRUE,
 'BA English, MA English (QAU).',
 '6 years teaching English & IELTS.',
 'online'),
(124, 1, 'Faraz Khalid',
 'Computer Science and programming mentor (Python, C++, Java).',
 'BS Computer Science',
 'Lahore', 'Pakistan', TRUE,
 'BS CS (FAST-NU).',
 '3 years software dev, 2 years tutoring.',
 'online'),
(125, 1, 'Saira Ilyas',
 'Chemistry tutor specialising in conceptual learning.',
 'MSc Chemistry',
 'Rawalpindi', 'Pakistan', TRUE,
 'BSc, MSc Chemistry (QAU).',
 '5 years O/A Level coaching.',
 'physical'),
(126, 1, 'Adil Mehmood',
 'Economics and Business Studies tutor with corporate background.',
 'MBA',
 'Faisalabad', 'Pakistan', TRUE,
 'BBA, MBA (IBA).',
 '7 years corporate + 3 years tutoring.',
 'hybrid'),
(127, 1, 'Hiba Asim',
 'Biology and general science tutor for school & college students.',
 'MSc Zoology',
 'Multan', 'Pakistan', TRUE,
 'BSc, MSc Zoology (BZU).',
 '4 years academy teaching.',
 'physical'),
(128, NULL, 'Kamran Riaz',
 'Math tutor (verification pending).',
 'BS Mathematics',
 'Peshawar', 'Pakistan', FALSE,
 'BS Mathematics (UoP).',
 '2 years private tutoring.',
 'online'),
(129, 1, 'Mahnoor Farooq',
 'Primary and middle school all-subjects tutor.',
 'BEd',
 'Quetta', 'Pakistan', TRUE,
 'BEd (UoB).',
 '5 years school teaching.',
 'hybrid'),
(130, 1, 'Rashid Jamal',
 'Statistics and data analysis tutor for college level.',
 'MSc Statistics',
 'Lahore', 'Pakistan', TRUE,
 'BSc Stats, MSc Statistics (PU).',
 '3 years university TA + tutoring.',
 'online'),
(131, 1, 'Fatima Bashir',
 'Urdu and Islamiat teacher with strong exam focus.',
 'MA Urdu',
 'Karachi', 'Pakistan', TRUE,
 'MA Urdu (KU).',
 '8 years school & academy experience.',
 'physical'),
(132, 1, 'Omer Naveed',
 'ICT and Computer Science teacher for Cambridge streams.',
 'BS Software Engineering',
 'Islamabad', 'Pakistan', TRUE,
 'BS SE (COMSATS).',
 '2 years dev, 3 years CS tutoring.',
 'online'),
(133, NULL, 'Sadia Naz',
 'Spoken English and grammar tutor.',
 'MA English',
 'Lahore', 'Pakistan', FALSE,
 'BA, MA English (Kinnaird).',
 '5 years spoken English batches.',
 'hybrid'),
(134, 1, 'Talat Yousaf',
 'Mathematics tutor for Matric and FSc.',
 'MSc Mathematics',
 'Gujranwala', 'Pakistan', TRUE,
 'MSc Mathematics (PU).',
 '6 years board exam prep.',
 'physical'),
(135, 1, 'Maaz Kiani',
 'Programming, data structures and algorithms mentor.',
 'BS Computer Science',
 'Rawalpindi', 'Pakistan', TRUE,
 'BS CS (NUST).',
 'Competitive programming coach for students.',
 'online'),
(136, 1, 'Laiba Sohail',
 'Early years literacy and numeracy teacher.',
 'BEd (Early Childhood)',
 'Lahore', 'Pakistan', TRUE,
 'BEd (UoE).',
 '4 years kindergarten teaching.',
 'hybrid'),
(137, 1, 'Hassan Zafar',
 'Physics & Math combo tutor for senior grades.',
 'BS Electrical Engineering',
 'Karachi', 'Pakistan', TRUE,
 'BSEE (NED).',
 '3 years industry, 3 years tutoring.',
 'online'),
(138, NULL, 'Iqra Hameed',
 'Biology tutor (verification pending).',
 'MPhil Biotechnology',
 'Islamabad', 'Pakistan', FALSE,
 'MSc, MPhil Biotechnology (QAU).',
 'Research assistant + tutoring.',
 'online'),
(139, 1, 'Saif Rehman',
 'Accounting and finance tutor for BCom/ACCA foundations.',
 'MBA Finance',
 'Peshawar', 'Pakistan', TRUE,
 'BCom, MBA Finance (IMSciences).',
 '5 years ACCA/finance tutoring.',
 'hybrid'),
(140, 1, 'Ayesha Irfan',
 'Art, design and creative skills instructor.',
 'BFA',
 'Multan', 'Pakistan', TRUE,
 'BFA (NUST SADA).',
 'Studio artist + 4 years teaching.',
 'physical');


INSERT INTO academies (
    account_id,
    verified_by_admin_id,
    academy_name,
    description,
    city,
    country,
    is_verified,
    about,
    founded_year,
    owner_name
) VALUES
(141, 1, 'Success Steps Academy',
 'Exam-focused coaching for Matric, FSc and entry tests.',
 'Lahore', 'Pakistan', TRUE,
 'Provides structured batches for board exams and university entry tests.',
 2016, 'Mr. Imran Latif'),
(142, 1, 'City Scholars Institute',
 'Cambridge O/A Level academy with small group classes.',
 'Karachi', 'Pakistan', TRUE,
 'Specialised in Cambridge subjects with experienced faculty.',
 2017, 'Ms. Rabia Sheikh'),
(143, 1, 'Campus Point Learning',
 'Hybrid learning centre for school and college students.',
 'Islamabad', 'Pakistan', TRUE,
 'Offers both on-campus and online batches with recorded lectures.',
 2018, 'Mr. Salman Baig'),
(144, NULL, 'Future Gate Prep Center',
 'Pre-university prep centre (verification pending).',
 'Rawalpindi', 'Pakistan', FALSE,
 'Focused on ECAT, MDCAT and engineering admission tests.',
 2020, 'Dr. Adnan Yaqoob'),
(145, 1, 'LearnPlus Academy',
 'Skills + academics under one roof.',
 'Faisalabad', 'Pakistan', TRUE,
 'Combines academic tutoring with communication and IT skills.',
 2015, 'Ms. Sadaf Riaz'),
(146, 1, 'Bright Vision Tutorials',
 'Evening coaching for working students.',
 'Multan', 'Pakistan', TRUE,
 'Specialised in flexible timings for college and university students.',
 2014, 'Mr. Khalid Mansoor'),
(147, 1, 'Premier Academy',
 'Premium O/A Level and SAT prep.',
 'Lahore', 'Pakistan', TRUE,
 'High-performing academy with strong track record in results.',
 2013, 'Mr. Faisal Qureshi'),
(148, 1, 'Alpha Tutorials',
 'Neighbourhood coaching centre for Matric and FSc.',
 'Peshawar', 'Pakistan', TRUE,
 'Affordable group coaching with experienced teachers.',
 2012, 'Mr. Tariq Jamil'),
(149, 1, 'Global Scholars Club',
 'Online-first academy serving students worldwide.',
 'Karachi', 'Pakistan', TRUE,
 'Live online classes with recordings and LMS support.',
 2019, 'Ms. Hina Noor'),
(150, NULL, 'Smart Learners Campus',
 'Newly launched blended learning campus.',
 'Quetta', 'Pakistan', FALSE,
 'Offers blended offline/online classes; currently onboarding faculty.',
 2024, 'Mr. Noman Ali');

INSERT INTO tutor_calendars (tutor_id, calendar_name) VALUES
(17, 'Amna - Weekday Evenings'),
(18, 'Zubair - Weekend Physics'),
(19, 'Maryam - English Online'),
(20, 'Faraz - Coding Bootcamp'),
(21, 'Saira - Chemistry Slots'),
(22, 'Adil - Business Evening Batch'),
(23, 'Hiba - Biology Sessions'),
(24, 'Kamran - Math Slots'),
(25, 'Mahnoor - Primary Batch'),
(26, 'Rashid - Stats Tutorials'),
(27, 'Fatima - Urdu Sessions'),
(28, 'Omer - ICT Online'),
(29, 'Sadia - Spoken English'),
(30, 'Talat - FSc Maths'),
(31, 'Maaz - DSA Practice'),
(32, 'Laiba - Early Years'),
(33, 'Hassan - Physics & Math'),
(34, 'Iqra - Bio Online'),
(35, 'Saif - Finance & Accounts'),
(36, 'Ayesha - Art Studio');

INSERT INTO accounts (role, email, password_hash, is_active) VALUES
('student', 'ahmad.rauf@gmail.com',        'hashed_s018', TRUE),
('student', 'sana.irshad@gmail.com',       'hashed_s019', TRUE),
('student', 'muhammad.haris@gmail.com',    'hashed_s020', TRUE),
('student', 'fatima.noor@gmail.com',       'hashed_s021', TRUE),
('student', 'usama.tariq@gmail.com',       'hashed_s022', TRUE),
('student', 'zainab.ali@gmail.com',        'hashed_s023', TRUE),
('student', 'bilal.khan02@gmail.com',      'hashed_s024', TRUE),
('student', 'amna.waqar@gmail.com',        'hashed_s025', TRUE),
('student', 'hamza.shahid01@gmail.com',    'hashed_s026', TRUE),
('student', 'maryam.naveed@gmail.com',     'hashed_s027', TRUE),
('student', 'talha.ashraf@gmail.com',      'hashed_s028', TRUE),
('student', 'laiba.imran01@gmail.com',     'hashed_s029', TRUE),
('student', 'saim.ahmed@gmail.com',        'hashed_s030', TRUE),
('student', 'hira.kashif@gmail.com',       'hashed_s031', TRUE),
('student', 'danial.raza@gmail.com',       'hashed_s032', TRUE),
('student', 'aiman.shafique@gmail.com',    'hashed_s033', TRUE),
('student', 'abdullah.qazi01@gmail.com',   'hashed_s034', TRUE),
('student', 'mahnoor.rafiq@gmail.com',     'hashed_s035', TRUE),
('student', 'rehan.butt01@gmail.com',      'hashed_s036', TRUE),
('student', 'sara.iftikhar@gmail.com',     'hashed_s037', TRUE),
('student', 'uzair.mehmood@gmail.com',     'hashed_s038', TRUE),
('student', 'mehak.zafar@gmail.com',       'hashed_s039', TRUE),
('student', 'arslan.hussain01@gmail.com',  'hashed_s040', TRUE),
('student', 'komal.yousaf@gmail.com',      'hashed_s041', TRUE),
('student', 'muneeb.akram01@gmail.com',    'hashed_s042', TRUE),
('student', 'areeba.khan01@gmail.com',     'hashed_s043', TRUE),
('student', 'haider.naqvi01@gmail.com',    'hashed_s044', TRUE),
('student', 'rabia.shehzad@gmail.com',     'hashed_s045', TRUE),
('student', 'saad.farooq01@gmail.com',     'hashed_s046', TRUE),
('student', 'nimra.abbas@gmail.com',       'hashed_s047', TRUE),
('student', 'hammad.ali01@gmail.com',      'hashed_s048', TRUE),
('student', 'khadija.hassan01@gmail.com',  'hashed_s049', TRUE),
('student', 'junaid.anwar01@gmail.com',    'hashed_s050', TRUE),
('student', 'bisma.tariq@gmail.com',       'hashed_s051', TRUE),
('student', 'moiz.shah01@gmail.com',       'hashed_s052', TRUE),
('student', 'ramsha.malik01@gmail.com',    'hashed_s053', TRUE),
('student', 'hassan.ch01@gmail.com',       'hashed_s054', TRUE),
('student', 'sania.fatima01@gmail.com',    'hashed_s055', TRUE),
('student', 'ahsan.rehman01@gmail.com',    'hashed_s056', TRUE),
('student', 'safiya.khalid@gmail.com',     'hashed_s057', TRUE),
('student', 'abdul.moiz01@gmail.com',      'hashed_s058', TRUE),
('student', 'sumbul.raza@gmail.com',       'hashed_s059', TRUE),
('student', 'zaryab.ahmad01@gmail.com',    'hashed_s060', TRUE),
('student', 'hina.ashraf01@gmail.com',     'hashed_s061', TRUE),
('student', 'kamran.ali01@gmail.com',      'hashed_s062', TRUE),
('student', 'maira.saeed01@gmail.com',     'hashed_s063', TRUE),
('student', 'sufyan.hussain01@gmail.com',  'hashed_s064', TRUE),
('student', 'anam.siddiqui01@gmail.com',   'hashed_s065', TRUE),
('student', 'mustafa.naqash01@gmail.com',  'hashed_s066', TRUE),
('student', 'laiba.farooq01@gmail.com',    'hashed_s067', TRUE);

INSERT INTO students (
    account_id,
    name,
    city,
    country,
    phone
) VALUES
((SELECT account_id FROM accounts WHERE email = 'ahmad.rauf@gmail.com'),
    'Ahmad Rauf',        'Lahore',     'Pakistan', '03011234561'),
((SELECT account_id FROM accounts WHERE email = 'sana.irshad@gmail.com'),
    'Sana Irshad',       'Karachi',    'Pakistan', '03111234562'),
((SELECT account_id FROM accounts WHERE email = 'muhammad.haris@gmail.com'),
    'Muhammad Haris',    'Islamabad',  'Pakistan', '03211234563'),
((SELECT account_id FROM accounts WHERE email = 'fatima.noor@gmail.com'),
    'Fatima Noor',       'Lahore',     'Pakistan', '03311234564'),
((SELECT account_id FROM accounts WHERE email = 'usama.tariq@gmail.com'),
    'Usama Tariq',       'Multan',     'Pakistan', '03411234565'),
((SELECT account_id FROM accounts WHERE email = 'zainab.ali@gmail.com'),
    'Zainab Ali',        'Karachi',    'Pakistan', '03021234566'),
((SELECT account_id FROM accounts WHERE email = 'bilal.khan02@gmail.com'),
    'Bilal Khan',        'Peshawar',   'Pakistan', '03121234567'),
((SELECT account_id FROM accounts WHERE email = 'amna.waqar@gmail.com'),
    'Amna Waqar',        'Faisalabad', 'Pakistan', '03221234568'),
((SELECT account_id FROM accounts WHERE email = 'hamza.shahid01@gmail.com'),
    'Hamza Shahid',      'Lahore',     'Pakistan', '03321234569'),
((SELECT account_id FROM accounts WHERE email = 'maryam.naveed@gmail.com'),
    'Maryam Naveed',     'Islamabad',  'Pakistan', '03421234570'),
((SELECT account_id FROM accounts WHERE email = 'talha.ashraf@gmail.com'),
    'Talha Ashraf',      'Karachi',    'Pakistan', '03031234571'),
((SELECT account_id FROM accounts WHERE email = 'laiba.imran01@gmail.com'),
    'Laiba Imran',       'Lahore',     'Pakistan', '03131234572'),
((SELECT account_id FROM accounts WHERE email = 'saim.ahmed@gmail.com'),
    'Saim Ahmed',        'Rawalpindi', 'Pakistan', '03231234573'),
((SELECT account_id FROM accounts WHERE email = 'hira.kashif@gmail.com'),
    'Hira Kashif',       'Multan',     'Pakistan', '03331234574'),
((SELECT account_id FROM accounts WHERE email = 'danial.raza@gmail.com'),
    'Danial Raza',       'Lahore',     'Pakistan', '03431234575'),
((SELECT account_id FROM accounts WHERE email = 'aiman.shafique@gmail.com'),
    'Aiman Shafique',    'Islamabad',  'Pakistan', '03041234576'),
((SELECT account_id FROM accounts WHERE email = 'abdullah.qazi01@gmail.com'),
    'Abdullah Qazi',     'Karachi',    'Pakistan', '03141234577'),
((SELECT account_id FROM accounts WHERE email = 'mahnoor.rafiq@gmail.com'),
    'Mahnoor Rafiq',     'Lahore',     'Pakistan', '03241234578'),
((SELECT account_id FROM accounts WHERE email = 'rehan.butt01@gmail.com'),
    'Rehan Butt',        'Faisalabad', 'Pakistan', '03341234579'),
((SELECT account_id FROM accounts WHERE email = 'sara.iftikhar@gmail.com'),
    'Sara Iftikhar',     'Multan',     'Pakistan', '03441234580'),
((SELECT account_id FROM accounts WHERE email = 'uzair.mehmood@gmail.com'),
    'Uzair Mehmood',     'Lahore',     'Pakistan', '03051234581'),
((SELECT account_id FROM accounts WHERE email = 'mehak.zafar@gmail.com'),
    'Mehak Zafar',       'Karachi',    'Pakistan', '03151234582'),
((SELECT account_id FROM accounts WHERE email = 'arslan.hussain01@gmail.com'),
    'Arslan Hussain',    'Islamabad',  'Pakistan', '03251234583'),
((SELECT account_id FROM accounts WHERE email = 'komal.yousaf@gmail.com'),
    'Komal Yousaf',      'Lahore',     'Pakistan', '03351234584'),
((SELECT account_id FROM accounts WHERE email = 'muneeb.akram01@gmail.com'),
    'Muneeb Akram',      'Peshawar',   'Pakistan', '03451234585'),
((SELECT account_id FROM accounts WHERE email = 'areeba.khan01@gmail.com'),
    'Areeba Khan',       'Lahore',     'Pakistan', '03061234586'),
((SELECT account_id FROM accounts WHERE email = 'haider.naqvi01@gmail.com'),
    'Haider Naqvi',      'Karachi',    'Pakistan', '03161234587'),
((SELECT account_id FROM accounts WHERE email = 'rabia.shehzad@gmail.com'),
    'Rabia Shehzad',     'Islamabad',  'Pakistan', '03261234588'),
((SELECT account_id FROM accounts WHERE email = 'saad.farooq01@gmail.com'),
    'Saad Farooq',       'Lahore',     'Pakistan', '03361234589'),
((SELECT account_id FROM accounts WHERE email = 'nimra.abbas@gmail.com'),
    'Nimra Abbas',       'Multan',     'Pakistan', '03461234590'),
((SELECT account_id FROM accounts WHERE email = 'hammad.ali01@gmail.com'),
    'Hammad Ali',        'Karachi',    'Pakistan', '03071234591'),
((SELECT account_id FROM accounts WHERE email = 'khadija.hassan01@gmail.com'),
    'Khadija Hassan',    'Lahore',     'Pakistan', '03171234592'),
((SELECT account_id FROM accounts WHERE email = 'junaid.anwar01@gmail.com'),
    'Junaid Anwar',      'Islamabad',  'Pakistan', '03271234593'),
((SELECT account_id FROM accounts WHERE email = 'bisma.tariq@gmail.com'),
    'Bisma Tariq',       'Rawalpindi', 'Pakistan', '03371234594'),
((SELECT account_id FROM accounts WHERE email = 'moiz.shah01@gmail.com'),
    'Moiz Shah',         'Lahore',     'Pakistan', '03471234595'),
((SELECT account_id FROM accounts WHERE email = 'ramsha.malik01@gmail.com'),
    'Ramsha Malik',      'Karachi',    'Pakistan', '03081234596'),
((SELECT account_id FROM accounts WHERE email = 'hassan.ch01@gmail.com'),
    'Hassan Ch',         'Faisalabad', 'Pakistan', '03181234597'),
((SELECT account_id FROM accounts WHERE email = 'sania.fatima01@gmail.com'),
    'Sania Fatima',      'Islamabad',  'Pakistan', '03281234598'),
((SELECT account_id FROM accounts WHERE email = 'ahsan.rehman01@gmail.com'),
    'Ahsan Rehman',      'Lahore',     'Pakistan', '03381234599'),
((SELECT account_id FROM accounts WHERE email = 'safiya.khalid@gmail.com'),
    'Safiya Khalid',     'Multan',     'Pakistan', '03481234600'),
((SELECT account_id FROM accounts WHERE email = 'abdul.moiz01@gmail.com'),
    'Abdul Moiz',        'Karachi',    'Pakistan', '03091234601'),
((SELECT account_id FROM accounts WHERE email = 'sumbul.raza@gmail.com'),
    'Sumbul Raza',       'Lahore',     'Pakistan', '03191234602'),
((SELECT account_id FROM accounts WHERE email = 'zaryab.ahmad01@gmail.com'),
    'Zaryab Ahmad',      'Islamabad',  'Pakistan', '03291234603'),
((SELECT account_id FROM accounts WHERE email = 'hina.ashraf01@gmail.com'),
    'Hina Ashraf',       'Rawalpindi', 'Pakistan', '03391234604'),
((SELECT account_id FROM accounts WHERE email = 'kamran.ali01@gmail.com'),
    'Kamran Ali',        'Lahore',     'Pakistan', '03491234605'),
((SELECT account_id FROM accounts WHERE email = 'maira.saeed01@gmail.com'),
    'Maira Saeed',       'Karachi',    'Pakistan', '03011234606'),
((SELECT account_id FROM accounts WHERE email = 'sufyan.hussain01@gmail.com'),
    'Sufyan Hussain',    'Islamabad',  'Pakistan', '03111234607'),
((SELECT account_id FROM accounts WHERE email = 'anam.siddiqui01@gmail.com'),
    'Anam Siddiqui',     'Lahore',     'Pakistan', '03211234608'),
((SELECT account_id FROM accounts WHERE email = 'mustafa.naqash01@gmail.com'),
    'Mustafa Naqash',    'Multan',     'Pakistan', '03311234609'),
((SELECT account_id FROM accounts WHERE email = 'laiba.farooq01@gmail.com'),
    'Laiba Farooq',      'Karachi',    'Pakistan', '03411234610');